key,key:userAccount,identifier,phoneNumber,address,city,country,earnedPoints,key:passenger
#Base entity
customer-01,user-account-customer-01,CCS000000,+340000,"Lorem ipsum dolor sit amet, consectetur adipiscing","Lorem ipsum dolor sit amet, consectetur adipiscing","Lorem ipsum dolor sit amet, consectetur adipiscing",50,passenger-01
#Identifier standard
customer-02,user-account-customer-01,CC000001,+340000,"Lorem ipsum dolor sit amet, consectetur adipiscing","Lorem ipsum dolor sit amet, consectetur adipiscing","Lorem ipsum dolor sit amet, consectetur adipiscing",50,passenger-01
customer-03,user-account-customer-01,CCS000002,+340000,"Lorem ipsum dolor sit amet, consectetur adipiscing","Lorem ipsum dolor sit amet, consectetur adipiscing","Lorem ipsum dolor sit amet, consectetur adipiscing",50,passenger-01
customer-04,user-account-customer-01,CCS999998,+340000,"Lorem ipsum dolor sit amet, consectetur adipiscing","Lorem ipsum dolor sit amet, consectetur adipiscing","Lorem ipsum dolor sit amet, consectetur adipiscing",50,passenger-01
customer-05,user-account-customer-01,CCS999999,+340000,"Lorem ipsum dolor sit amet, consectetur adipiscing","Lorem ipsum dolor sit amet, consectetur adipiscing","Lorem ipsum dolor sit amet, consectetur adipiscing",50,passenger-01
#phoneNumber standard
customer-06,user-account-customer-01,CCS000003,+340000,"Lorem ipsum dolor sit amet, consectetur adipiscing","Lorem ipsum dolor sit amet, consectetur adipiscing","Lorem ipsum dolor sit amet, consectetur adipiscing",50,passenger-01
customer-07,user-account-customer-01,CCS000004,+3400000,"Lorem ipsum dolor sit amet, consectetur adipiscing","Lorem ipsum dolor sit amet, consectetur adipiscing","Lorem ipsum dolor sit amet, consectetur adipiscing",50,passenger-01
customer-08,user-account-customer-01,CCS000005,+34000000000000,"Lorem ipsum dolor sit amet, consectetur adipiscing","Lorem ipsum dolor sit amet, consectetur adipiscing","Lorem ipsum dolor sit amet, consectetur adipiscing",50,passenger-01
customer-09,user-account-customer-01,CCS000006,+340000000000000,"Lorem ipsum dolor sit amet, consectetur adipiscing","Lorem ipsum dolor sit amet, consectetur adipiscing","Lorem ipsum dolor sit amet, consectetur adipiscing",50,passenger-01
#address standard
customer-10,user-account-customer-01,CCS000007,+340000,L,"Lorem ipsum dolor sit amet, consectetur adipiscing","Lorem ipsum dolor sit amet, consectetur adipiscing",50,passenger-01
customer-11,user-account-customer-01,CCS000008,+340000,Lo,"Lorem ipsum dolor sit amet, consectetur adipiscing","Lorem ipsum dolor sit amet, consectetur adipiscing",50,passenger-01
customer-12,user-account-customer-01,CCS000009,+340000,"Lorem ipsum dolor sit amet, consectetur adipiscing elit. Sed do: eiusmod tempor incididunt ut labore et dolore magna aliqua! Ut enim ad minim veniam? Quis nostrud exercitation ullamco laboris nisi ut aliquip ex ea commodo consequat. Duis aute irure dolor","Lorem ipsum dolor sit amet, consectetur adipiscing","Lorem ipsum dolor sit amet, consectetur adipiscing",50,passenger-01
customer-13,user-account-customer-01,CCS000010,+340000,"Lorem ipsum dolor sit amet, consectetur adipiscing elit. Sed do: eiusmod tempor incididunt ut labore et dolore magna aliqua! Ut enim ad minim veniam? Quis nostrud exercitation ullamco laboris nisi ut aliquip ex ea commodo consequat. Duis aute irure dolor*","Lorem ipsum dolor sit amet, consectetur adipiscing","Lorem ipsum dolor sit amet, consectetur adipiscing",50,passenger-01
customer-14,user-account-customer-01,CCS000011,+340000,โลเร็ม อิปซัม,"Lorem ipsum dolor sit amet, consectetur adipiscing","Lorem ipsum dolor sit amet, consectetur adipiscing",50,passenger-01
customer-15,user-account-customer-01,CCS000012,+340000,لوريم إيبسوم,"Lorem ipsum dolor sit amet, consectetur adipiscing","Lorem ipsum dolor sit amet, consectetur adipiscing",50,passenger-01
customer-16,user-account-customer-01,CCS000013,+340000,洛伦·伊普森,"Lorem ipsum dolor sit amet, consectetur adipiscing","Lorem ipsum dolor sit amet, consectetur adipiscing",50,passenger-01
customer-17,user-account-customer-01,CCS000014,+340000,<marquee>Hacked</marquee>,"Lorem ipsum dolor sit amet, consectetur adipiscing","Lorem ipsum dolor sit amet, consectetur adipiscing",50,passenger-01
customer-18,user-account-customer-01,CCS000015,+340000,<script>alert(‘Hacked!’);</script>,"Lorem ipsum dolor sit amet, consectetur adipiscing","Lorem ipsum dolor sit amet, consectetur adipiscing",50,passenger-01
customer-19,user-account-customer-01,CCS000016,+340000,' or 'A' = 'A,"Lorem ipsum dolor sit amet, consectetur adipiscing","Lorem ipsum dolor sit amet, consectetur adipiscing",50,passenger-01
#city standard
customer-20,user-account-customer-01,CCS000017,+340000,"Lorem ipsum dolor sit amet, consectetur adipiscing",L,"Lorem ipsum dolor sit amet, consectetur adipiscing",50,passenger-01
customer-21,user-account-customer-01,CCS000018,+340000,"Lorem ipsum dolor sit amet, consectetur adipiscing",Lo,"Lorem ipsum dolor sit amet, consectetur adipiscing",50,passenger-01
customer-22,user-account-customer-01,CCS000019,+340000,"Lorem ipsum dolor sit amet, consectetur adipiscing","Lorem ipsum dolor sit amet, consectetur adipiscin","Lorem ipsum dolor sit amet, consectetur adipiscing",50,passenger-01
customer-23,user-account-customer-01,CCS000020,+340000,"Lorem ipsum dolor sit amet, consectetur adipiscing","Lorem ipsum dolor sit amet, consectetur adipiscing","Lorem ipsum dolor sit amet, consectetur adipiscing",50,passenger-01
customer-24,user-account-customer-01,CCS000021,+340000,"Lorem ipsum dolor sit amet, consectetur adipiscing",โลเร็ม อิปซัม,"Lorem ipsum dolor sit amet, consectetur adipiscing",50,passenger-01
customer-25,user-account-customer-01,CCS000022,+340000,"Lorem ipsum dolor sit amet, consectetur adipiscing",لوريم إيبسوم,"Lorem ipsum dolor sit amet, consectetur adipiscing",50,passenger-01
customer-26,user-account-customer-01,CCS000023,+340000,"Lorem ipsum dolor sit amet, consectetur adipiscing",洛伦·伊普森,"Lorem ipsum dolor sit amet, consectetur adipiscing",50,passenger-01
customer-27,user-account-customer-01,CCS000024,+340000,"Lorem ipsum dolor sit amet, consectetur adipiscing",<marquee>Hacked</marquee>,"Lorem ipsum dolor sit amet, consectetur adipiscing",50,passenger-01
customer-28,user-account-customer-01,CCS000025,+340000,"Lorem ipsum dolor sit amet, consectetur adipiscing",<script>alert(‘Hacked!’);</script>,"Lorem ipsum dolor sit amet, consectetur adipiscing",50,passenger-01
customer-29,user-account-customer-01,CCS000026,+340000,"Lorem ipsum dolor sit amet, consectetur adipiscing",' or 'A' = 'A,"Lorem ipsum dolor sit amet, consectetur adipiscing",50,passenger-01
#country standard
customer-30,user-account-customer-01,CCS000027,+340000,"Lorem ipsum dolor sit amet, consectetur adipiscing","Lorem ipsum dolor sit amet, consectetur adipiscing",L,50,passenger-01
customer-31,user-account-customer-01,CCS000028,+340000,"Lorem ipsum dolor sit amet, consectetur adipiscing","Lorem ipsum dolor sit amet, consectetur adipiscing",Lo,50,passenger-01
customer-32,user-account-customer-01,CCS000029,+340000,"Lorem ipsum dolor sit amet, consectetur adipiscing","Lorem ipsum dolor sit amet, consectetur adipiscing","Lorem ipsum dolor sit amet, consectetur adipiscin",50,passenger-01
customer-33,user-account-customer-01,CCS000030,+340000,"Lorem ipsum dolor sit amet, consectetur adipiscing","Lorem ipsum dolor sit amet, consectetur adipiscing","Lorem ipsum dolor sit amet, consectetur adipiscing",50,passenger-01
customer-34,user-account-customer-01,CCS000031,+340000,"Lorem ipsum dolor sit amet, consectetur adipiscing","Lorem ipsum dolor sit amet, consectetur adipiscing",โลเร็ม อิปซัม,50,passenger-01
customer-35,user-account-customer-01,CCS000032,+340000,"Lorem ipsum dolor sit amet, consectetur adipiscing","Lorem ipsum dolor sit amet, consectetur adipiscing",لوريم إيبسوم,0,passenger-01
customer-36,user-account-customer-01,CCS000033,+340000,"Lorem ipsum dolor sit amet, consectetur adipiscing","Lorem ipsum dolor sit amet, consectetur adipiscing",洛伦·伊普森,50,passenger-01
customer-37,user-account-customer-01,CCS000034,+340000,"Lorem ipsum dolor sit amet, consectetur adipiscing","Lorem ipsum dolor sit amet, consectetur adipiscing",<marquee>Hacked</marquee>,50,passenger-01
customer-38,user-account-customer-01,CCS000035,+340000,"Lorem ipsum dolor sit amet, consectetur adipiscing","Lorem ipsum dolor sit amet, consectetur adipiscing",<script>alert(‘Hacked!’);</script>,50,passenger-01
customer-39,user-account-customer-01,CCS000036,+340000,"Lorem ipsum dolor sit amet, consectetur adipiscing","Lorem ipsum dolor sit amet, consectetur adipiscing",' or 'A' = 'A,0,passenger-01
#earnedPoints standard
customer-40,user-account-customer-01,CCS000037,+340000,"Lorem ipsum dolor sit amet, consectetur adipiscing","Lorem ipsum dolor sit amet, consectetur adipiscing","Lorem ipsum dolor sit amet, consectetur adipiscing",0,passenger-01
customer-41,user-account-customer-01,CCS000038,+340000,"Lorem ipsum dolor sit amet, consectetur adipiscing","Lorem ipsum dolor sit amet, consectetur adipiscing","Lorem ipsum dolor sit amet, consectetur adipiscing",1,passenger-01
customer-42,user-account-customer-01,CCS000039,+340000,"Lorem ipsum dolor sit amet, consectetur adipiscing","Lorem ipsum dolor sit amet, consectetur adipiscing","Lorem ipsum dolor sit amet, consectetur adipiscing",499,passenger-01
customer-43,user-account-customer-01,CCS000040,+340000,"Lorem ipsum dolor sit amet, consectetur adipiscing","Lorem ipsum dolor sit amet, consectetur adipiscing","Lorem ipsum dolor sit amet, consectetur adipiscing",500,passenger-01
customer-44,user-account-customer-01,CCS000041,+340000,"Lorem ipsum dolor sit amet, consectetur adipiscing","Lorem ipsum dolor sit amet, consectetur adipiscing","Lorem ipsum dolor sit amet, consectetur adipiscing",,passenger-01
#Passenger
customer-45,user-account-customer-01,CCA000042,+340000,"Lorem ipsum dolor sit amet, consectetur adipiscing","Lorem ipsum dolor sit amet, consectetur adipiscing","Lorem ipsum dolor sit amet, consectetur adipiscing",0,passenger-02
customer-46,user-account-customer-01,CCB000043,+340000,"Lorem ipsum dolor sit amet, consectetur adipiscing","Lorem ipsum dolor sit amet, consectetur adipiscing","Lorem ipsum dolor sit amet, consectetur adipiscing",1,passenger-03
customer-47,user-account-customer-01,CCD000044,+340000,"Lorem ipsum dolor sit amet, consectetur adipiscing","Lorem ipsum dolor sit amet, consectetur adipiscing","Lorem ipsum dolor sit amet, consectetur adipiscing",499,passenger-04
customer-48,user-account-customer-01,CCE000045,+340000,"Lorem ipsum dolor sit amet, consectetur adipiscing","Lorem ipsum dolor sit amet, consectetur adipiscing","Lorem ipsum dolor sit amet, consectetur adipiscing",500,passenger-05
